재난,발생시간,지점정보
호우주의보,2020-01-07,제주도
호우주의보,2020-01-26,제주도
호우주의보,2020-01-27,제주도
호우주의보,2020-01-27,동해
호우주의보,2020-02-12,서울
호우주의보,2020-02-12,동해
호우주의보,2020-02-12,제주도
호우주의보,2020-03-09,제주도
호우주의보,2020-03-09,속초
호우주의보,2020-03-26,광주
호우주의보,2020-03-26,제주도
호우주의보,2020-03-26,울산
호우주의보,2020-04-17,제주도
호우주의보,2020-04-17,흑산도
호우주의보,2020-04-19,제주도
호우주의보,2020-05-02,제주도
호우주의보,2020-05-02,흑산도
호우주의보,2020-05-03,흑산도
호우주의보,2020-05-03,울릉도
호우주의보,2020-05-03,제주도
호우주의보,2020-05-08,제주도
호우주의보,2020-05-09,흑산도
호우주의보,2020-05-09,제주도
호우주의보,2020-05-09,장흥
호우주의보,2020-05-09,여수
호우주의보,2020-05-09,완도
호우경보,2020-05-09,제주도
호우주의보,2020-05-09,군산
호우주의보,2020-05-15,속초
호우주의보,2020-05-15,흑산도
호우경보,2020-05-15,제주도
호우주의보,2020-05-15,제주도
호우주의보,2020-05-15,여수
호우주의보,2020-05-15,완도
호우주의보,2020-05-15,산청
호우주의보,2020-05-18,파주
호우주의보,2020-05-18,철원
호우주의보,2020-05-18,동두천
호우주의보,2020-05-18,속초
호우주의보,2020-05-18,충주
호우주의보,2020-05-19,철원
호우경보,2020-05-19,동해
호우주의보,2020-05-19,속초
호우주의보,2020-06-10,제주도
호우주의보,2020-06-11,상주
호우주의보,2020-06-10,청주
호우주의보,2020-06-11,대전
호우주의보,2020-06-11,청주
호우주의보,2020-06-11,안동
호우주의보,2020-06-12,대구
호우주의보,2020-06-12,여수
호우주의보,2020-06-12,통영
호우주의보,2020-06-12,울산
호우주의보,2020-06-13,대구
호우경보,2020-06-13,창원
호우주의보,2020-06-13,고창
호우주의보,2020-06-13,제주도
호우주의보,2020-06-13,울산
호우주의보,2020-06-13,창원
호우경보,2020-06-13,제주도
호우주의보,2020-06-13,통영
호우주의보,2020-06-14,군산
호우주의보,2020-06-14,완도
호우경보,2020-06-14,흑산도
호우주의보,2020-06-14,상주
호우경보,2020-06-14,전주
호우주의보,2020-06-14,거창
호우주의보,2020-06-14,여수
호우주의보,2020-06-14,흑산도
호우주의보,2020-06-14,전주
호우주의보,2020-06-14,제주도
호우주의보,2020-06-17,제주도
호우주의보,2020-06-18,제주도
호우주의보,2020-06-18,흑산도
호우주의보,2020-06-18,여수
호우주의보,2020-06-20,영주
호우주의보,2020-06-24,흑산도
호우주의보,2020-06-24,제주도
호우경보,2020-06-24,제주도
호우주의보,2020-06-24,완도
호우주의보,2020-06-24,여수
호우주의보,2020-06-24,군산
호우주의보,2020-06-24,부산
호우주의보,2020-06-24,통영
호우주의보,2020-06-24,남해
호우주의보,2020-06-27,철원
호우경보,2020-06-27,철원
호우주의보,2020-06-29,흑산도
호우주의보,2020-06-29,완도
호우주의보,2020-06-29,군산
호우주의보,2020-06-29,서산
호우주의보,2020-06-29,속초
호우경보,2020-06-29,제주도
호우주의보,2020-06-29,상주
호우주의보,2020-06-29,순천
호우주의보,2020-06-29,제주도
호우주의보,2020-06-29,울산
호우주의보,2020-06-29,포항
호우주의보,2020-06-30,속초
호우주의보,2020-06-30,서울
호우주의보,2020-06-30,청주
호우주의보,2020-06-30,동해
호우주의보,2020-06-30,울릉도
호우주의보,2020-06-30,영덕
호우경보,2020-06-30,울릉도
호우주의보,2020-06-30,파주
호우경보,2020-06-30,동해
호우경보,2020-06-30,속초
호우주의보,2020-07-06,제주도
호우주의보,2020-07-06,안동
호우주의보,2020-07-06,전주
호우주의보,2020-07-06,상주
호우주의보,2020-07-07,제주도
호우주의보,2020-07-09,제주도
호우경보,2020-07-10,제주도
호우주의보,2020-07-10,목포
호우주의보,2020-07-10,포항
호우주의보,2020-07-10,제주도
호우주의보,2020-07-10,상주
호우주의보,2020-07-10,광주
호우경보,2020-07-10,부산
호우주의보,2020-07-10,울산
호우주의보,2020-07-10,울릉도
호우주의보,2020-07-10,속초
호우주의보,2020-07-10,동해
호우주의보,2020-07-10,파주
호우주의보,2020-07-10,통영
호우주의보,2020-07-10,창원
호우주의보,2020-07-10,인천
호우경보,2020-07-10,속초
호우주의보,2020-07-10,강릉
호우경보,2020-07-10,동해
호우주의보,2020-07-12,흑산도
호우주의보,2020-07-12,군산
호우주의보,2020-07-12,순천
호우주의보,2020-07-12,서산
호우주의보,2020-07-12,청주
호우주의보,2020-07-13,인천
호우주의보,2020-07-13,제주도
호우주의보,2020-07-13,문경
호우주의보,2020-07-13,흑산도
호우경보,2020-07-13,산청
호우주의보,2020-07-13,서산
호우주의보,2020-07-13,상주
호우주의보,2020-07-13,울산
호우주의보,2020-07-13,부산
호우주의보,2020-07-13,포항
호우주의보,2020-07-14,인천
호우주의보,2020-07-16,부산
호우주의보,2020-07-17,양평
호우주의보,2020-07-19,파주
호우주의보,2020-07-19,동두천
호우주의보,2020-07-19,철원
호우주의보,2020-07-20,파주
호우주의보,2020-07-20,전주
호우주의보,2020-07-20,인천
호우경보,2020-07-22,합천
호우주의보,2020-07-22,대구
호우주의보,2020-07-22,창원
호우주의보,2020-07-22,고흥
호우주의보,2020-07-22,울산
호우주의보,2020-07-22,수원
호우주의보,2020-07-22,원주
호우주의보,2020-07-22,철원
호우주의보,2020-07-22,인천
호우주의보,2020-07-23,군산
호우주의보,2020-07-23,인천
호우주의보,2020-07-23,여수
호우주의보,2020-07-23,창원
호우주의보,2020-07-23,파주
호우주의보,2020-07-23,동두천
호우경보,2020-07-23,인천
호우주의보,2020-07-23,상주
호우주의보,2020-07-23,청주
호우주의보,2020-07-23,임실
호우주의보,2020-07-23,울산
호우주의보,2020-07-23,제주도
호우경보,2020-07-23,산청
호우주의보,2020-07-23,동해
호우주의보,2020-07-23,속초
호우주의보,2020-07-23,춘천
호우주의보,2020-07-23,울진
호우주의보,2020-07-24,동두천
호우주의보,2020-07-24,울릉도
호우경보,2020-07-24,속초
호우주의보,2020-07-24,동해
호우경보,2020-07-24,강릉
호우주의보,2020-07-24,부산
호우주의보,2020-07-24,속초
호우주의보,2020-07-25,강릉
호우주의보,2020-07-25,속초
호우주의보,2020-07-27,제주도
호우주의보,2020-07-27,창원
호우경보,2020-07-27,제주도
호우주의보,2020-07-27,순천
호우주의보,2020-07-27,울산
호우주의보,2020-07-27,포항
호우주의보,2020-07-27,완도
호우주의보,2020-07-27,여수
호우주의보,2020-07-28,여수
호우주의보,2020-07-28,남원
호우주의보,2020-07-28,상주
호우주의보,2020-07-28,흑산도
호우주의보,2020-07-28,광주
호우주의보,2020-07-28,대구
호우주의보,2020-07-29,대전
호우주의보,2020-07-29,울릉도
호우주의보,2020-07-29,서울
호우주의보,2020-07-29,장수
호우주의보,2020-07-29,부안
호우주의보,2020-07-29,영월
호우주의보,2020-07-29,동두천
호우주의보,2020-07-29,고창
호우주의보,2020-07-29,춘천
호우주의보,2020-07-29,임실
호우주의보,2020-07-29,광주
호우경보,2020-07-29,고창
호우주의보,2020-07-29,천안
호우주의보,2020-07-29,순천
호우주의보,2020-07-29,충주
호우주의보,2020-07-29,보은
호우주의보,2020-07-29,군산
호우주의보,2020-07-30,청주
호우주의보,2020-07-30,대전
호우주의보,2020-07-30,이천
호우경보,2020-07-30,군산
호우주의보,2020-07-30,원주
호우주의보,2020-07-30,금산
호우주의보,2020-07-30,의성
호우주의보,2020-07-30,충주
호우주의보,2020-07-30,고창
호우주의보,2020-07-30,군산
호우주의보,2020-07-30,전주
호우주의보,2020-07-30,제주도
호우주의보,2020-07-30,안동
호우주의보,2020-07-30,대구
호우주의보,2020-07-30,여수
호우주의보,2020-07-30,속초
호우경보,2020-07-30,여수
호우경보,2020-07-30,남해
호우주의보,2020-07-30,순천
호우주의보,2020-07-31,금산
호우주의보,2020-07-31,군산
호우주의보,2020-07-31,남원
호우주의보,2020-07-31,고창
호우주의보,2020-07-31,서산
호우주의보,2020-07-31,안동
호우주의보,2020-07-31,대전
호우주의보,2020-07-31,인천
호우주의보,2020-07-31,파주
호우주의보,2020-07-31,서울
호우주의보,2020-08-01,원주
호우주의보,2020-08-01,동두천
호우주의보,2020-08-01,철원
호우경보,2020-08-01,파주
호우주의보,2020-08-01,춘천
호우주의보,2020-08-01,서울
호우주의보,2020-08-01,군산
호우경보,2020-08-01,서울
호우주의보,2020-08-01,파주
호우주의보,2020-08-01,충주
호우주의보,2020-08-01,영월
호우경보,2020-08-02,청주
호우주의보,2020-08-02,부산
호우경보,2020-08-02,영월
호우주의보,2020-08-02,문경
호우경보,2020-08-02,충주
호우경보,2020-08-02,부산
호우주의보,2020-08-02,울진
호우경보,2020-08-02,영주
호우경보,2020-08-02,파주
호우주의보,2020-08-02,철원
호우주의보,2020-08-03,부산
호우주의보,2020-08-03,울릉도
호우경보,2020-08-03,홍성
호우주의보,2020-08-03,대전
호우경보,2020-08-03,인천
호우경보,2020-08-03,보령
호우경보,2020-08-03,부여
호우주의보,2020-08-04,속초
호우주의보,2020-08-04,강릉
호우경보,2020-08-04,속초
호우주의보,2020-08-04,보은
호우경보,2020-08-04,대전
호우주의보,2020-08-04,안동
호우주의보,2020-08-05,제주도
호우주의보,2020-08-05,광주
호우주의보,2020-08-05,임실
호우주의보,2020-08-05,전주
호우주의보,2020-08-05,부안
호우주의보,2020-08-05,울릉도
호우주의보,2020-08-05,남원
호우주의보,2020-08-05,산청
호우주의보,2020-08-06,합천
호우주의보,2020-08-06,제주도
호우주의보,2020-08-06,장수
호우경보,2020-08-06,장수
호우주의보,2020-08-06,거창
호우주의보,2020-08-06,속초
호우주의보,2020-08-06,원주
호우주의보,2020-08-07,울산
호우경보,2020-08-07,울산
호우주의보,2020-08-07,광주
호우주의보,2020-08-07,거창
호우주의보,2020-08-07,대구
호우주의보,2020-08-07,진주
호우경보,2020-08-07,군산
호우주의보,2020-08-07,대전
호우주의보,2020-08-07,포항
호우주의보,2020-08-07,순천
호우주의보,2020-08-07,거제
호우경보,2020-08-07,부산
호우경보,2020-08-08,고창
호우경보,2020-08-08,진주
호우주의보,2020-08-08,통영
호우경보,2020-08-08,거제
호우경보,2020-08-08,통영
호우주의보,2020-08-08,원주
호우주의보,2020-08-08,인천
호우주의보,2020-08-08,동두천
호우경보,2020-08-08,인천
호우경보,2020-08-08,원주
호우주의보,2020-08-08,철원
호우경보,2020-08-08,서울
호우경보,2020-08-08,춘천
호우경보,2020-08-09,철원
호우경보,2020-08-09,대전
호우경보,2020-08-09,충주
호우주의보,2020-08-09,상주
호우경보,2020-08-09,전주
호우경보,2020-08-09,군산
호우주의보,2020-08-09,인천
호우주의보,2020-08-09,원주
호우주의보,2020-08-10,제주도
호우주의보,2020-08-09,춘천
호우주의보,2020-08-10,철원
호우경보,2020-08-10,인천
호우주의보,2020-08-10,파주
호우주의보,2020-08-10,여수
호우주의보,2020-08-10,진주
호우주의보,2020-08-10,순천
호우주의보,2020-08-10,안동
호우주의보,2020-08-10,동해
호우주의보,2020-08-10,전주
호우주의보,2020-08-10,서울
호우주의보,2020-08-10,속초
호우주의보,2020-08-10,동두천
호우주의보,2020-08-10,서산
호우주의보,2020-08-10,광주
호우주의보,2020-08-10,인천
호우주의보,2020-08-10,춘천
호우경보,2020-08-10,홍성
호우주의보,2020-08-11,충주
호우주의보,2020-08-11,광주
호우주의보,2020-08-11,제주도
호우주의보,2020-08-11,철원
호우경보,2020-08-11,제주도
호우주의보,2020-08-11,동해
호우주의보,2020-08-11,통영
호우주의보,2020-08-11,울릉도
호우주의보,2020-08-12,세종
호우주의보,2020-08-12,천안
호우주의보,2020-08-14,철원
호우주의보,2020-08-15,철원
호우주의보,2020-08-15,부산
호우주의보,2020-08-15,이천
호우주의보,2020-08-21,파주
호우주의보,2020-08-22,서울
호우주의보,2020-08-22,제주도
호우주의보,2020-08-22,세종
호우주의보,2020-08-22,대전
호우주의보,2020-08-22,춘천
호우주의보,2020-08-22,천안
호우주의보,2020-08-22,철원
호우주의보,2020-08-22,수원
호우주의보,2020-08-22,원주
호우주의보,2020-08-22,양평
호우주의보,2020-08-23,상주
호우주의보,2020-08-23,봉화
호우주의보,2020-08-23,안동
호우주의보,2020-08-23,울릉도
호우주의보,2020-08-23,울진
호우주의보,2020-08-23,제주도
호우주의보,2020-08-25,제주도
호우주의보,2020-08-27,창원
호우주의보,2020-08-27,철원
호우주의보,2020-08-27,양평
호우주의보,2020-08-28,춘천
호우주의보,2020-08-28,철원
호우주의보,2020-08-28,양평
호우주의보,2020-08-28,파주
호우주의보,2020-08-28,남원
호우경보,2020-08-28,거제
호우주의보,2020-08-28,서산
호우주의보,2020-08-28,서울
호우주의보,2020-08-28,정읍
호우주의보,2020-08-28,청주
호우주의보,2020-08-28,원주
호우주의보,2020-08-28,보은
호우주의보,2020-08-28,충주
호우주의보,2020-08-28,세종
호우주의보,2020-08-28,군산
호우주의보,2020-08-28,제주도
호우주의보,2020-08-28,이천
호우주의보,2020-08-28,천안
호우주의보,2020-08-28,부산
호우주의보,2020-08-29,양평
호우주의보,2020-08-29,이천
호우주의보,2020-08-29,원주
호우주의보,2020-08-29,통영
호우주의보,2020-08-29,제주도
호우주의보,2020-08-29,정읍
호우주의보,2020-08-29,속초
호우주의보,2020-08-29,임실
호우주의보,2020-08-29,서울
호우주의보,2020-08-29,광주
호우주의보,2020-08-30,창원
호우주의보,2020-08-30,광주
호우주의보,2020-08-30,상주
호우주의보,2020-08-30,청주
호우주의보,2020-08-31,전주
호우주의보,2020-08-31,홍성
호우주의보,2020-08-31,정읍
호우주의보,2020-09-02,제주도
호우주의보,2020-09-02,대구
호우주의보,2020-09-02,울산
호우주의보,2020-09-02,창원
호우주의보,2020-09-02,속초
호우주의보,2020-09-02,동두천
호우경보,2020-09-02,속초
호우주의보,2020-09-03,부산
호우주의보,2020-09-06,속초
호우주의보,2020-09-06,울릉도
호우주의보,2020-09-11,고흥
호우주의보,2020-09-11,완도
호우주의보,2020-09-11,순천
호우주의보,2020-09-12,부산
호우주의보,2020-09-13,제주도
호우주의보,2020-09-16,고흥
호우주의보,2020-09-25,부산
호우주의보,2020-11-19,서울
호우주의보,2020-11-19,제주도
호우주의보,2020-11-19,임실
호우주의보,2020-11-19,장수
호우주의보,2020-12-27,제주도
호우주의보,2020-12-27,포항
호우주의보,2021-02-01,울진
호우경보,2021-02-01,제주도
호우경보,2021-02-01,동해
호우주의보,2021-03-01,제주도
호우경보,2021-03-01,제주도
호우주의보,2021-03-01,울산
호우주의보,2021-03-01,동해
호우주의보,2021-03-04,제주도
호우주의보,2021-03-12,제주도
호우주의보,2021-03-27,제주도
호우경보,2021-03-27,제주도
호우주의보,2021-03-27,산청
호우주의보,2021-03-27,진주
호우주의보,2021-03-27,동해
호우주의보,2021-03-27,서산
호우주의보,2021-04-02,제주도
호우경보,2021-04-03,제주도
호우경보,2021-04-03,목포
호우주의보,2021-04-12,철원
호우주의보,2021-04-12,여수
호우주의보,2021-04-12,제주도
호우주의보,2021-04-12,서산
호우주의보,2021-05-04,제주도
호우경보,2021-05-04,울릉도
호우경보,2021-05-04,동해
호우주의보,2021-05-04,완도
호우주의보,2021-05-04,흑산도
호우주의보,2021-05-04,부산
호우주의보,2021-05-05,부산
호우주의보,2021-05-11,군산
호우주의보,2021-05-15,여수
호우주의보,2021-05-15,통영
호우주의보,2021-05-15,흑산도
호우주의보,2021-05-16,군산
호우주의보,2021-05-16,철원
호우주의보,2021-05-16,동두천
호우주의보,2021-05-16,완도
호우주의보,2021-05-16,춘천
호우주의보,2021-05-16,제주도
호우주의보,2021-05-16,부산
호우주의보,2021-05-20,제주도
호우주의보,2021-05-28,대전
호우주의보,2021-05-28,동해
호우주의보,2021-06-10,흑산도
호우주의보,2021-06-10,목포
호우주의보,2021-06-10,인천
호우주의보,2021-06-10,고창
호우주의보,2021-06-11,광주
호우주의보,2021-06-11,여수
호우주의보,2021-06-11,흑산도
호우주의보,2021-06-11,부산
호우주의보,2021-06-11,인천
호우주의보,2021-06-11,통영
호우주의보,2021-06-11,제주도
호우주의보,2021-06-11,동해
호우주의보,2021-06-15,제주도
호우주의보,2021-06-22,제천
호우주의보,2021-06-22,충주
호우주의보,2021-06-22,원주
호우주의보,2021-06-24,영월
호우주의보,2021-06-25,부산
호우주의보,2021-06-25,대전
호우주의보,2021-06-25,보은
호우주의보,2021-06-27,춘천
호우주의보,2021-06-27,서울
호우주의보,2021-06-28,인천
호우주의보,2021-06-28,전주
호우주의보,2021-06-28,광주
호우주의보,2021-06-28,해남
호우주의보,2021-06-29,장수
호우주의보,2021-06-29,서울
호우주의보,2021-06-29,대전
호우주의보,2021-06-29,청주
호우주의보,2021-06-30,서울
호우주의보,2021-06-30,파주
호우주의보,2021-06-30,인천
호우주의보,2021-06-30,부산
호우주의보,2021-06-30,철원
호우주의보,2021-06-30,원주
호우주의보,2021-06-30,홍천
호우주의보,2021-07-03,제주도
호우주의보,2021-07-03,흑산도
호우주의보,2021-07-03,완도
호우주의보,2021-07-03,통영
호우주의보,2021-07-03,장흥
호우주의보,2021-07-03,창원
호우주의보,2021-07-03,인천
호우주의보,2021-07-03,파주
호우주의보,2021-07-03,속초
호우주의보,2021-07-03,청주
호우주의보,2021-07-03,산청
호우주의보,2021-07-03,여수
호우주의보,2021-07-04,동해
호우주의보,2021-07-04,인천
호우경보,2021-07-04,부산
호우주의보,2021-07-04,서울
호우주의보,2021-07-04,철원
호우주의보,2021-07-04,울릉도
호우주의보,2021-07-04,속초
호우주의보,2021-07-04,제주도
호우경보,2021-07-04,통영
호우주의보,2021-07-04,완도
호우주의보,2021-07-05,제주도
호우주의보,2021-07-05,여수
호우경보,2021-07-05,제주도
호우주의보,2021-07-05,통영
호우주의보,2021-07-05,해남
호우주의보,2021-07-05,흑산도
호우주의보,2021-07-05,군산
호우주의보,2021-07-05,전주
호우주의보,2021-07-05,진주
호우주의보,2021-07-05,창원
호우주의보,2021-07-06,전주
호우경보,2021-07-06,여수
호우경보,2021-07-06,순천
호우주의보,2021-07-06,목포
호우경보,2021-07-06,완도
호우경보,2021-07-06,창원
호우경보,2021-07-06,남해
호우경보,2021-07-06,동해
호우주의보,2021-07-06,광주
호우주의보,2021-07-06,동해
호우주의보,2021-07-07,청주
호우주의보,2021-07-07,충주
호우주의보,2021-07-07,울진
호우주의보,2021-07-07,제주도
호우주의보,2021-07-07,대구
호우주의보,2021-07-07,포항
호우경보,2021-07-07,임실
호우경보,2021-07-07,거창
호우주의보,2021-07-07,울산
호우주의보,2021-07-07,순천
호우주의보,2021-07-07,거창
호우주의보,2021-07-07,창원
호우주의보,2021-07-07,광주
호우주의보,2021-07-07,대전
호우경보,2021-07-07,창원
호우경보,2021-07-07,부산
호우주의보,2021-07-07,고창
호우주의보,2021-07-07,통영
호우주의보,2021-07-07,진주
호우주의보,2021-07-08,청주
호우주의보,2021-07-08,제천
호우주의보,2021-07-08,전주
호우주의보,2021-07-08,상주
호우경보,2021-07-08,금산
호우주의보,2021-07-08,포항
호우주의보,2021-07-08,대전
호우주의보,2021-07-08,울진
호우주의보,2021-07-08,충주
호우주의보,2021-07-08,제주도
호우주의보,2021-07-08,철원
호우주의보,2021-07-08,춘천
호우주의보,2021-07-08,원주
호우주의보,2021-07-09,원주
호우주의보,2021-07-09,합천
호우주의보,2021-07-09,부산
호우주의보,2021-07-09,홍천
호우주의보,2021-07-10,부산
호우주의보,2021-07-10,정읍
호우주의보,2021-07-10,상주
호우주의보,2021-07-11,원주
호우주의보,2021-07-11,충주
호우경보,2021-07-11,원주
호우주의보,2021-07-11,문경
호우주의보,2021-07-11,대구
호우주의보,2021-07-15,원주
호우주의보,2021-07-15,부산
호우주의보,2021-07-15,홍천
호우주의보,2021-07-15,충주
호우주의보,2021-07-15,서울
호우경보,2021-07-15,충주
호우주의보,2021-07-15,보은
호우주의보,2021-07-15,광주
호우주의보,2021-07-15,동두천
호우주의보,2021-07-15,철원
호우주의보,2021-07-16,제주도
호우경보,2021-07-16,제주도
호우주의보,2021-07-16,양평
호우주의보,2021-07-16,여수
호우경보,2021-07-16,여수
호우주의보,2021-07-16,충주
호우주의보,2021-07-16,속초
호우주의보,2021-07-16,장흥
호우주의보,2021-07-16,동두천
호우주의보,2021-07-16,서울
호우주의보,2021-07-16,파주
호우주의보,2021-07-16,대전
호우주의보,2021-07-16,인천
호우주의보,2021-07-17,영천
호우주의보,2021-07-17,울진
호우주의보,2021-07-17,제주도
호우주의보,2021-07-18,제주도
호우주의보,2021-07-18,완도
호우경보,2021-07-18,제주도
호우주의보,2021-07-18,대전
호우주의보,2021-07-19,흑산도
호우주의보,2021-07-19,파주
호우주의보,2021-07-19,서울
호우주의보,2021-07-19,부안
호우주의보,2021-07-20,홍천
호우주의보,2021-07-26,제주도
호우주의보,2021-07-27,원주
호우주의보,2021-07-28,정읍
호우주의보,2021-07-30,제주도
호우주의보,2021-07-31,제주도
호우주의보,2021-07-31,여수
호우경보,2021-07-31,제주도
호우주의보,2021-08-01,울산
호우주의보,2021-08-01,부산
호우주의보,2021-08-01,태백
호우주의보,2021-08-01,흑산도
호우주의보,2021-08-01,군산
호우주의보,2021-08-01,안동
호우주의보,2021-08-01,영월
호우주의보,2021-08-01,원주
호우주의보,2021-08-01,고창
호우주의보,2021-08-01,속초
호우주의보,2021-08-01,춘천
호우주의보,2021-08-01,전주
호우주의보,2021-08-01,철원
호우주의보,2021-08-01,서울
호우주의보,2021-08-01,청주
호우주의보,2021-08-01,수원
호우주의보,2021-08-01,영덕
호우경보,2021-08-01,영덕
호우경보,2021-08-02,영덕
호우주의보,2021-08-02,정읍
호우주의보,2021-08-02,대전
호우주의보,2021-08-02,청주
호우주의보,2021-08-02,영월
호우주의보,2021-08-02,제천
호우주의보,2021-08-02,속초
호우주의보,2021-08-02,제주도
호우주의보,2021-08-02,완도
호우주의보,2021-08-02,장흥
호우주의보,2021-08-02,광주
호우주의보,2021-08-02,고창
호우주의보,2021-08-02,부안
호우주의보,2021-08-03,장흥
호우주의보,2021-08-03,완도
호우경보,2021-08-03,완도
호우주의보,2021-08-03,순천
호우주의보,2021-08-03,고창
호우주의보,2021-08-03,광주
호우주의보,2021-08-04,파주
호우주의보,2021-08-06,남원
호우주의보,2021-08-06,부산
호우주의보,2021-08-06,원주
호우주의보,2021-08-06,광주
호우주의보,2021-08-07,제주도
호우주의보,2021-08-07,합천
호우주의보,2021-08-07,대구
호우주의보,2021-08-07,진주
호우주의보,2021-08-07,창원
호우주의보,2021-08-07,울산
호우주의보,2021-08-08,창원
호우주의보,2021-08-08,울산
호우주의보,2021-08-08,제주도
호우주의보,2021-08-08,속초
호우주의보,2021-08-08,강릉
호우주의보,2021-08-08,울진
호우경보,2021-08-08,속초
호우주의보,2021-08-08,부산
호우주의보,2021-08-08,울릉도
호우주의보,2021-08-09,울릉도
호우주의보,2021-08-09,울진
호우주의보,2021-08-09,속초
호우주의보,2021-08-09,부산
호우경보,2021-08-09,속초
호우주의보,2021-08-09,순천
호우주의보,2021-08-09,여수
호우주의보,2021-08-10,의성
호우주의보,2021-08-10,제주도
호우주의보,2021-08-10,대구
호우주의보,2021-08-10,부산
호우주의보,2021-08-10,군산
호우주의보,2021-08-10,장수
호우주의보,2021-08-10,동해
호우주의보,2021-08-10,남원
호우주의보,2021-08-10,임실
호우주의보,2021-08-11,제주도
호우주의보,2021-08-11,인천
호우경보,2021-08-11,제주도
호우경보,2021-08-11,인천
호우주의보,2021-08-11,정읍
호우주의보,2021-08-12,제주도
호우주의보,2021-08-12,전주
호우주의보,2021-08-12,충주
호우주의보,2021-08-14,동해
호우주의보,2021-08-14,강릉
호우주의보,2021-08-14,부산
호우주의보,2021-08-14,제주도
호우주의보,2021-08-14,영덕
호우주의보,2021-08-14,울산
호우주의보,2021-08-14,흑산도
호우주의보,2021-08-15,광주
호우주의보,2021-08-17,동해
호우주의보,2021-08-17,강릉
호우주의보,2021-08-17,부산
호우주의보,2021-08-17,인천
호우주의보,2021-08-17,세종
호우주의보,2021-08-18,강릉
호우주의보,2021-08-18,동해
호우경보,2021-08-18,강릉
호우주의보,2021-08-18,부산
호우주의보,2021-08-18,포항
호우주의보,2021-08-18,속초
호우주의보,2021-08-18,제주도
호우주의보,2021-08-18,정읍
호우주의보,2021-08-18,광주
호우주의보,2021-08-18,고흥
호우주의보,2021-08-18,여수
호우주의보,2021-08-19,강릉
호우주의보,2021-08-19,제주도
호우주의보,2021-08-19,전주
호우경보,2021-08-19,제주도
호우주의보,2021-08-19,울릉도
호우경보,2021-08-19,울릉도
호우주의보,2021-08-19,광주
호우주의보,2021-08-19,합천
호우주의보,2021-08-19,산청
호우주의보,2021-08-21,제주도
호우주의보,2021-08-21,흑산도
호우주의보,2021-08-21,인천
호우경보,2021-08-21,통영
호우주의보,2021-08-21,서산
호우주의보,2021-08-21,울산
호우주의보,2021-08-21,진주
호우주의보,2021-08-21,철원
호우주의보,2021-08-21,서울
호우경보,2021-08-21,부산
호우경보,2021-08-21,인천
호우경보,2021-08-21,동두천
호우주의보,2021-08-21,동해
호우주의보,2021-08-21,파주
호우경보,2021-08-21,울산
호우주의보,2021-08-21,동두천
호우주의보,2021-08-21,여수
호우주의보,2021-08-22,제주도
호우경보,2021-08-22,제주도
호우주의보,2021-08-23,군산
호우주의보,2021-08-23,보령
호우주의보,2021-08-23,서산
호우경보,2021-08-23,군산
호우경보,2021-08-23,보령
호우주의보,2021-08-23,인천
호우주의보,2021-08-23,창원
호우주의보,2021-08-23,충주
호우주의보,2021-08-23,동해
호우주의보,2021-08-24,동해
호우경보,2021-08-24,울릉도
호우주의보,2021-08-24,제주도
호우주의보,2021-08-24,울릉도
호우경보,2021-08-24,고창
호우경보,2021-08-24,부안
호우주의보,2021-08-24,여수
호우주의보,2021-08-24,장수
호우주의보,2021-08-24,대구
호우주의보,2021-08-24,완도
호우주의보,2021-08-24,포항
호우주의보,2021-08-24,상주
호우경보,2021-08-24,영천
호우주의보,2021-08-24,금산
호우주의보,2021-08-25,고흥
호우주의보,2021-08-25,철원
호우주의보,2021-08-25,통영
호우주의보,2021-08-25,거제
호우주의보,2021-08-25,부산
호우주의보,2021-08-25,완도
호우경보,2021-08-25,부산
호우주의보,2021-08-25,울산
호우주의보,2021-08-25,남해
호우주의보,2021-08-27,흑산도
호우주의보,2021-08-27,고창
호우주의보,2021-08-27,부안
호우주의보,2021-08-27,전주
호우주의보,2021-08-27,임실
호우경보,2021-08-28,완도
호우주의보,2021-08-28,완도
호우주의보,2021-08-28,흑산도
호우주의보,2021-08-29,고창
호우주의보,2021-08-30,흑산도
호우주의보,2021-08-31,인천
호우주의보,2021-08-31,서울
호우주의보,2021-08-31,서산
호우주의보,2021-08-31,춘천
호우주의보,2021-08-31,강릉
호우주의보,2021-08-31,홍성
호우주의보,2021-09-01,동두천
호우주의보,2021-09-01,춘천
호우주의보,2021-09-01,인천
호우주의보,2021-09-01,상주
호우경보,2021-09-01,천안
호우주의보,2021-09-01,광주
호우주의보,2021-09-01,원주
호우주의보,2021-09-01,서산
호우주의보,2021-09-01,영월
호우주의보,2021-09-01,대전
호우주의보,2021-09-01,청주
호우주의보,2021-09-01,동해
호우주의보,2021-09-01,강릉
호우주의보,2021-09-01,안동
호우주의보,2021-09-01,울산
호우주의보,2021-09-01,거제
호우주의보,2021-09-01,통영
호우주의보,2021-09-01,부산
호우주의보,2021-09-01,제주도
호우주의보,2021-09-01,울릉도
호우주의보,2021-09-02,제주도
호우경보,2021-09-03,제주도
호우주의보,2021-09-03,제주도
호우주의보,2021-09-07,속초
호우주의보,2021-09-07,울릉도
호우주의보,2021-09-13,제주도
호우경보,2021-09-13,제주도
호우주의보,2021-09-14,제주도
호우경보,2021-09-15,제주도
호우주의보,2021-09-15,제주도
호우주의보,2021-09-17,상주
호우주의보,2021-09-17,진주
호우주의보,2021-09-17,안동
호우주의보,2021-09-17,동해
호우주의보,2021-09-21,흑산도
호우주의보,2021-09-21,고창
호우주의보,2021-09-21,부안
호우주의보,2021-09-21,광주
호우주의보,2021-09-21,제주도
호우주의보,2021-09-21,파주
호우주의보,2021-09-21,서울
호우주의보,2021-09-22,서울
호우주의보,2021-09-22,동해
호우주의보,2021-09-29,군산
호우주의보,2021-09-29,금산
호우주의보,2021-09-29,정읍
호우주의보,2021-09-29,흑산도
호우주의보,2021-09-29,진주
호우주의보,2021-10-04,파주
호우주의보,2021-10-04,철원
호우경보,2021-10-04,철원
호우주의보,2021-10-05,철원
호우주의보,2021-10-05,동해
호우주의보,2021-10-09,울진
호우주의보,2021-10-09,제주도
호우주의보,2021-10-22,울릉도
호우주의보,2021-11-30,제주도
호우경보,2021-11-30,제주도
호우주의보,2021-11-30,속초
호우주의보,2021-11-30,거제
호우주의보,2022-03-13,인천
호우주의보,2022-03-13,제주도
호우주의보,2022-03-13,울릉도
호우주의보,2022-03-17,여수
호우주의보,2022-03-17,울진
호우주의보,2022-03-18,흑산도
호우주의보,2022-03-25,제주도
호우경보,2022-03-25,제주도
호우주의보,2022-03-25,여수
호우경보,2022-03-25,동해
호우주의보,2022-03-25,창원
호우주의보,2022-03-25,장흥
호우주의보,2022-03-26,광주
호우주의보,2022-03-26,창원
호우주의보,2022-04-25,흑산도
호우주의보,2022-04-25,완도
호우주의보,2022-04-25,여수
호우주의보,2022-04-25,울산
호우경보,2022-04-25,제주도
호우경보,2022-04-25,여수
호우경보,2022-04-26,통영
호우주의보,2022-04-26,목포
호우주의보,2022-04-26,여수
호우주의보,2022-04-26,울산
호우주의보,2022-04-26,제주도
호우주의보,2022-04-26,동해
호우주의보,2022-06-04,흑산도
호우주의보,2022-06-05,제주도
호우주의보,2022-06-06,부산
호우주의보,2022-06-06,속초
호우경보,2022-06-06,부산
호우주의보,2022-06-06,동해
호우주의보,2022-06-07,보령
호우주의보,2022-06-07,고창
호우주의보,2022-06-07,부안
호우주의보,2022-06-07,제주도
호우주의보,2022-06-08,제주도
호우주의보,2022-06-11,임실
호우주의보,2022-06-13,서울
호우주의보,2022-06-13,파주
호우주의보,2022-06-13,동두천
호우주의보,2022-06-15,군산
호우주의보,2022-06-15,동해
호우주의보,2022-06-15,보령
호우주의보,2022-06-20,광주
호우주의보,2022-06-20,남원
호우주의보,2022-06-20,임실
호우주의보,2022-06-23,동두천
호우주의보,2022-06-23,철원
호우주의보,2022-06-23,인천
호우주의보,2022-06-23,원주
호우경보,2022-06-23,인천
호우경보,2022-06-23,파주
호우주의보,2022-06-23,부산
호우주의보,2022-06-23,파주
호우경보,2022-06-23,춘천
호우주의보,2022-06-23,포항
호우주의보,2022-06-23,청주
호우주의보,2022-06-23,합천
호우주의보,2022-06-24,동두천
호우주의보,2022-06-24,춘천
호우경보,2022-06-24,제주도
호우주의보,2022-06-24,원주
호우주의보,2022-06-24,충주
호우주의보,2022-06-24,영월
호우주의보,2022-06-24,여수
호우주의보,2022-06-24,속초
호우주의보,2022-06-24,울릉도
호우주의보,2022-06-26,부산
호우주의보,2022-06-27,인천
호우주의보,2022-06-27,울산
호우주의보,2022-06-27,밀양
호우주의보,2022-06-27,파주
호우경보,2022-06-27,밀양
호우주의보,2022-06-27,봉화
호우주의보,2022-06-27,철원
호우주의보,2022-06-27,부산
호우주의보,2022-06-27,영월
호우주의보,2022-06-28,속초
호우주의보,2022-06-28,철원
호우주의보,2022-06-28,서울
호우주의보,2022-06-29,서울
호우주의보,2022-06-29,부여
호우주의보,2022-06-29,군산
호우주의보,2022-06-29,세종
호우주의보,2022-06-29,부산
호우주의보,2022-06-29,제주도
호우주의보,2022-06-29,보령
호우주의보,2022-06-29,철원
호우주의보,2022-06-29,청주
호우경보,2022-06-29,철원
호우경보,2022-06-29,홍성
호우경보,2022-06-29,서산
호우주의보,2022-06-29,동해
호우주의보,2022-06-30,동해
호우경보,2022-06-30,청주
호우경보,2022-06-30,동두천
호우주의보,2022-06-30,충주
호우주의보,2022-06-30,강릉
호우주의보,2022-06-30,원주
호우주의보,2022-06-30,인천
호우경보,2022-06-30,서울
호우주의보,2022-06-30,파주
호우주의보,2022-07-01,철원
호우주의보,2022-07-03,대전
호우주의보,2022-07-03,세종
호우주의보,2022-07-03,청주
호우주의보,2022-07-04,부산
호우주의보,2022-07-04,전주
호우주의보,2022-07-04,원주
호우주의보,2022-07-04,충주
호우주의보,2022-07-04,제주도
호우주의보,2022-07-05,철원
호우주의보,2022-07-05,파주
호우주의보,2022-07-05,춘천
호우주의보,2022-07-05,이천
호우주의보,2022-07-05,청주
호우주의보,2022-07-05,충주
호우주의보,2022-07-06,상주
호우주의보,2022-07-06,서울
호우주의보,2022-07-06,부안
호우주의보,2022-07-10,상주
호우주의보,2022-07-10,충주
호우주의보,2022-07-10,원주
호우경보,2022-07-10,제천
호우주의보,2022-07-10,홍천
호우주의보,2022-07-10,철원
호우주의보,2022-07-11,철원
호우주의보,2022-07-11,제주도
호우주의보,2022-07-11,상주
호우주의보,2022-07-11,충주
호우경보,2022-07-11,제주도
호우주의보,2022-07-13,인천
호우주의보,2022-07-13,파주
호우주의보,2022-07-13,철원
호우경보,2022-07-13,파주
호우경보,2022-07-13,인천
호우주의보,2022-07-13,봉화
호우경보,2022-07-13,서울
호우주의보,2022-07-13,천안
호우주의보,2022-07-13,동두천
호우주의보,2022-07-13,춘천
호우주의보,2022-07-13,서울
호우경보,2022-07-13,제천
호우주의보,2022-07-13,원주
호우주의보,2022-07-13,충주
호우주의보,2022-07-15,제주도
호우주의보,2022-07-15,강릉
호우주의보,2022-07-16,파주
호우주의보,2022-07-16,서울
호우주의보,2022-07-17,흑산도
호우주의보,2022-07-18,목포
호우주의보,2022-07-18,광주
호우주의보,2022-07-18,군산
호우주의보,2022-07-18,울산
호우경보,2022-07-18,고흥
호우주의보,2022-07-18,전주
호우주의보,2022-07-18,제주도
호우경보,2022-07-18,통영
호우주의보,2022-07-18,진주
호우주의보,2022-07-18,여수
호우주의보,2022-07-21,부산
호우주의보,2022-07-24,제주도
호우주의보,2022-07-24,흑산도
호우주의보,2022-07-30,제주도
호우경보,2022-07-30,제주도
호우주의보,2022-07-30,흑산도
호우주의보,2022-07-31,제주도
호우경보,2022-07-31,제주도
호우주의보,2022-07-31,여수
호우주의보,2022-07-31,철원
호우주의보,2022-07-31,통영
호우주의보,2022-07-31,장흥
호우주의보,2022-07-31,남원
호우주의보,2022-07-31,서울
호우주의보,2022-07-31,동두천
호우주의보,2022-08-01,동두천
호우주의보,2022-08-01,제주도
호우주의보,2022-08-01,보령
호우주의보,2022-08-01,홍성
호우주의보,2022-08-01,울릉도
호우주의보,2022-08-01,철원
호우주의보,2022-08-01,인천
호우주의보,2022-08-02,인천
호우주의보,2022-08-02,철원
호우주의보,2022-08-02,진주
호우주의보,2022-08-02,순천
호우주의보,2022-08-03,인천
호우주의보,2022-08-03,서울
호우주의보,2022-08-03,이천
호우경보,2022-08-03,서울
호우주의보,2022-08-03,양평
호우주의보,2022-08-03,수원
호우경보,2022-08-03,이천
호우주의보,2022-08-03,원주
호우주의보,2022-08-03,홍천
호우경보,2022-08-03,양평
호우주의보,2022-08-03,광주
호우주의보,2022-08-06,충주
호우주의보,2022-08-07,철원
호우주의보,2022-08-08,철원
호우주의보,2022-08-08,동두천
호우경보,2022-08-08,철원
호우주의보,2022-08-08,수원
호우주의보,2022-08-08,인천
호우경보,2022-08-08,서울
호우경보,2022-08-08,광주
호우경보,2022-08-08,동해
호우주의보,2022-08-08,서산
호우경보,2022-08-09,홍천
호우경보,2022-08-09,원주
호우주의보,2022-08-09,충주
호우주의보,2022-08-09,울릉도
호우주의보,2022-08-09,속초
호우경보,2022-08-09,부산
호우주의보,2022-08-09,서산
호우주의보,2022-08-10,충주
호우경보,2022-08-09,속초
호우주의보,2022-08-10,철원
호우주의보,2022-08-10,춘천
호우경보,2022-08-10,서울
호우주의보,2022-08-10,속초
호우주의보,2022-08-10,강릉
호우경보,2022-08-10,이천
호우경보,2022-08-10,대전
호우경보,2022-08-10,부여
호우주의보,2022-08-10,포항
호우주의보,2022-08-10,영월
호우주의보,2022-08-10,군산
호우경보,2022-08-10,보령
호우주의보,2022-08-10,전주
호우주의보,2022-08-11,원주
호우주의보,2022-08-11,수원
호우주의보,2022-08-11,부산
호우경보,2022-08-11,광주
호우경보,2022-08-11,홍천
호우경보,2022-08-11,군산
호우경보,2022-08-11,부안
호우경보,2022-08-11,여수
호우주의보,2022-08-11,고창
호우경보,2022-08-11,전주
호우주의보,2022-08-11,청주
호우주의보,2022-08-11,군산
호우주의보,2022-08-11,대전
호우주의보,2022-08-12,흑산도
호우주의보,2022-08-12,해남
호우주의보,2022-08-13,인천
호우주의보,2022-08-13,천안
호우주의보,2022-08-13,충주
호우주의보,2022-08-13,보령
호우주의보,2022-08-14,대전
호우주의보,2022-08-14,보령
호우경보,2022-08-14,대전
호우주의보,2022-08-14,세종
호우주의보,2022-08-14,목포
호우주의보,2022-08-14,이천
호우주의보,2022-08-14,광주
호우주의보,2022-08-14,원주
호우주의보,2022-08-14,홍천
호우주의보,2022-08-14,수원
호우주의보,2022-08-14,철원
호우주의보,2022-08-14,파주
호우주의보,2022-08-15,철원
호우주의보,2022-08-15,동두천
호우주의보,2022-08-15,홍성
호우주의보,2022-08-15,세종
호우주의보,2022-08-15,서산
호우주의보,2022-08-15,청주
호우주의보,2022-08-16,군산
호우주의보,2022-08-16,청주
호우주의보,2022-08-16,전주
호우주의보,2022-08-16,구미
호우주의보,2022-08-16,대전
호우주의보,2022-08-16,흑산도
호우주의보,2022-08-16,목포
호우주의보,2022-08-16,대구
호우주의보,2022-08-16,고창
호우주의보,2022-08-16,동해
호우주의보,2022-08-16,장흥
호우주의보,2022-08-16,여수
호우주의보,2022-08-16,창원
호우주의보,2022-08-16,양평
호우주의보,2022-08-16,제주도
호우주의보,2022-08-16,강릉
호우주의보,2022-08-17,완도
호우주의보,2022-08-17,제주도
호우경보,2022-08-17,제주도
호우주의보,2022-08-17,여수
호우주의보,2022-08-17,강릉
호우주의보,2022-08-17,남해
호우주의보,2022-08-17,창원
호우주의보,2022-08-17,속초
호우주의보,2022-08-17,부산
호우주의보,2022-08-17,철원
호우주의보,2022-08-17,동두천
호우주의보,2022-08-17,홍천
호우주의보,2022-08-17,구미
호우주의보,2022-08-17,동해
호우주의보,2022-08-17,영월
호우주의보,2022-08-19,파주
호우주의보,2022-08-19,서울
호우주의보,2022-08-19,원주
호우주의보,2022-08-20,양평
호우주의보,2022-08-20,충주
호우주의보,2022-08-20,영월
호우경보,2022-08-20,제천
호우주의보,2022-08-20,이천
호우주의보,2022-08-20,대전
호우주의보,2022-08-20,세종
호우주의보,2022-08-20,군산
호우주의보,2022-08-20,상주
호우주의보,2022-08-20,안동
호우주의보,2022-08-20,서울
호우주의보,2022-08-20,순천
호우주의보,2022-08-20,구미
호우주의보,2022-08-20,목포
호우주의보,2022-08-30,인천
호우주의보,2022-08-30,천안
호우주의보,2022-08-30,홍성
호우주의보,2022-08-31,부산
호우주의보,2022-08-31,울진
호우주의보,2022-09-02,제주도
호우주의보,2022-09-02,포항
호우경보,2022-09-02,제주도
호우주의보,2022-09-03,제주도
호우주의보,2022-09-04,제주도
호우경보,2022-09-04,제주도
호우주의보,2022-09-04,완도
호우주의보,2022-09-05,파주
호우주의보,2022-09-05,철원
호우경보,2022-09-05,제주도
호우주의보,2022-09-05,동두천
호우주의보,2022-09-05,속초
호우주의보,2022-09-05,춘천
호우주의보,2022-09-06,강릉
호우주의보,2022-09-06,철원
호우주의보,2022-09-15,흑산도
호우주의보,2022-09-16,흑산도
호우주의보,2022-09-17,흑산도
호우주의보,2022-09-19,동해
호우주의보,2022-09-19,부산
호우주의보,2022-09-19,울진
호우주의보,2022-09-19,속초
호우주의보,2022-10-03,보령
호우주의보,2022-10-03,파주
호우주의보,2022-10-03,철원
호우주의보,2022-10-03,동두천
호우주의보,2022-10-03,서울
호우주의보,2022-10-03,양평
호우주의보,2022-10-04,파주
호우주의보,2022-10-04,서울
호우주의보,2022-10-04,춘천
호우주의보,2022-10-04,부산
호우주의보,2022-10-04,홍성
호우주의보,2022-10-04,양평
호우주의보,2022-10-04,군산
호우주의보,2022-10-06,속초
호우주의보,2022-10-06,부산
호우주의보,2022-10-06,울릉도
호우주의보,2022-10-06,강릉
호우경보,2022-10-06,울진
호우주의보,2022-10-06,동해
호우주의보,2022-10-06,울진
호우경보,2022-10-07,울릉도
호우경보,2022-10-07,강릉
호우주의보,2022-10-07,강릉
호우주의보,2022-10-07,동해
호우주의보,2022-10-07,울진
호우주의보,2022-11-12,제주도
호우경보,2022-11-12,제주도
호우주의보,2022-11-12,여수
호우주의보,2022-11-12,동해
호우주의보,2022-11-12,인천
호우주의보,2022-11-12,서산
호우주의보,2022-11-13,임실
호우주의보,2022-11-22,포항
호우주의보,2022-11-22,울진
호우경보,2022-11-22,영덕
호우경보,2022-11-22,울진
호우주의보,2022-11-22,해남
호우주의보,2022-11-23,울진
호우주의보,2022-11-28,동해
호우주의보,2022-11-28,제주도
호우주의보,2022-11-28,부안
호우주의보,2022-11-28,순천
호우주의보,2022-11-29,순천
호우주의보,2023-01-12,제주도
호우주의보,2023-01-13,속초
호우경보,2023-01-13,동해
호우주의보,2023-01-13,산청
호우주의보,2023-01-13,창원
호우경보,2023-01-13,거제
호우주의보,2023-01-13,통영
호우주의보,2023-01-13,부산
호우주의보,2023-03-23,울산
호우주의보,2023-04-04,제주도
호우주의보,2023-04-04,수원
호우주의보,2023-04-05,완도
호우경보,2023-04-05,제주도
호우주의보,2023-04-05,여수
호우주의보,2023-04-05,제주도
호우주의보,2023-04-05,동해
호우주의보,2023-04-05,산청
호우주의보,2023-04-05,남해
호우주의보,2023-04-14,제주도
호우주의보,2023-05-03,제주도
호우주의보,2023-05-03,흑산도
호우경보,2023-05-04,제주도
호우주의보,2023-05-04,완도
호우경보,2023-05-04,흑산도
호우주의보,2023-05-04,제주도
호우주의보,2023-05-04,장흥
호우주의보,2023-05-04,여수
호우경보,2023-05-04,군산
호우주의보,2023-05-04,인천
호우주의보,2023-05-05,창원
호우주의보,2023-05-05,고창
호우주의보,2023-05-05,제주도
호우주의보,2023-05-05,진주
호우주의보,2023-05-05,인천
호우주의보,2023-05-05,목포
호우경보,2023-05-05,고흥
호우주의보,2023-05-05,울릉도
호우경보,2023-05-05,남해
호우주의보,2023-05-05,여수
호우주의보,2023-05-06,진주
호우주의보,2023-05-06,울산
호우주의보,2023-05-06,창원
호우주의보,2023-05-18,제주도
호우주의보,2023-05-28,보령
호우주의보,2023-05-28,홍성
호우주의보,2023-05-28,군산
호우주의보,2023-05-29,홍성
호우주의보,2023-05-29,보령
호우주의보,2023-05-29,전주
호우주의보,2023-05-29,군산
호우주의보,2023-05-29,금산
호우주의보,2023-05-29,임실
호우주의보,2023-05-30,제주도
호우주의보,2023-06-01,제주도
호우주의보,2023-06-01,거제
호우주의보,2023-06-09,춘천
호우주의보,2023-06-10,철원
호우주의보,2023-06-10,춘천
호우주의보,2023-06-10,동두천
호우주의보,2023-06-10,양평
호우주의보,2023-06-10,부산
호우주의보,2023-06-11,원주
호우주의보,2023-06-12,대구
호우주의보,2023-06-13,봉화
호우주의보,2023-06-14,울산
호우주의보,2023-06-14,상주
호우주의보,2023-06-14,울릉도
호우주의보,2023-06-14,안동
호우주의보,2023-06-14,밀양
호우주의보,2023-06-14,대구
호우주의보,2023-06-14,충주
호우주의보,2023-06-15,충주
호우주의보,2023-06-15,울릉도
호우주의보,2023-06-15,영월
호우주의보,2023-06-25,제주도
호우주의보,2023-06-25,흑산도
호우주의보,2023-06-25,완도
호우주의보,2023-06-25,여수
호우주의보,2023-06-25,통영
호우주의보,2023-06-25,목포
호우주의보,2023-06-26,서산
호우주의보,2023-06-26,광주
호우주의보,2023-06-26,남원
호우주의보,2023-06-26,순천
호우주의보,2023-06-26,상주
호우주의보,2023-06-26,봉화
호우주의보,2023-06-26,충주
호우경보,2023-06-26,충주
호우주의보,2023-06-26,원주
호우주의보,2023-06-26,제주도
호우경보,2023-06-26,제천
호우경보,2023-06-26,원주
호우주의보,2023-06-26,동해
호우주의보,2023-06-26,장수
호우주의보,2023-06-26,부산
호우주의보,2023-06-27,원주
호우주의보,2023-06-27,영월
호우주의보,2023-06-27,인천
호우주의보,2023-06-27,안동
호우주의보,2023-06-27,제주도
호우주의보,2023-06-27,속초
호우주의보,2023-06-27,여수
호우주의보,2023-06-27,남해
호우주의보,2023-06-27,통영
호우주의보,2023-06-27,동해
호우경보,2023-06-27,동해
호우주의보,2023-06-27,고창
호우주의보,2023-06-27,광주
호우주의보,2023-06-27,임실
호우주의보,2023-06-27,창원
호우주의보,2023-06-27,산청
호우주의보,2023-06-27,순천
호우경보,2023-06-27,부산
호우주의보,2023-06-27,부안
호우경보,2023-06-27,거제
호우경보,2023-06-28,군산
호우주의보,2023-06-28,고흥
호우경보,2023-06-28,고창
호우주의보,2023-06-28,창원
호우주의보,2023-06-28,목포
호우주의보,2023-06-28,군산
호우주의보,2023-06-28,전주
호우주의보,2023-06-28,광주
호우주의보,2023-06-29,파주
호우주의보,2023-06-29,동두천
호우주의보,2023-06-29,철원
호우주의보,2023-06-29,이천
호우주의보,2023-06-29,원주
호우주의보,2023-06-29,전주
호우주의보,2023-06-29,춘천
호우주의보,2023-06-29,청주
호우경보,2023-06-29,서산
호우주의보,2023-06-29,임실
호우주의보,2023-06-29,남원
호우주의보,2023-06-29,봉화
호우경보,2023-06-29,영월
호우주의보,2023-06-29,광주
호우주의보,2023-06-29,태백
호우주의보,2023-06-29,영월
호우주의보,2023-06-30,청주
호우주의보,2023-06-30,대전
호우경보,2023-06-30,흑산도
호우주의보,2023-06-30,울진
호우주의보,2023-06-30,통영
호우주의보,2023-06-30,제주도
호우주의보,2023-06-30,군산
호우주의보,2023-06-30,전주
호우주의보,2023-06-30,광주
호우경보,2023-06-30,제주도
호우주의보,2023-06-30,동해
호우주의보,2023-07-02,흑산도
호우주의보,2023-07-02,제주도
호우주의보,2023-07-03,제주도
호우주의보,2023-07-03,장흥
호우주의보,2023-07-03,여수
호우주의보,2023-07-03,흑산도
호우주의보,2023-07-03,완도
호우주의보,2023-07-04,보령
호우주의보,2023-07-04,군산
호우주의보,2023-07-04,인천
호우주의보,2023-07-04,동두천
호우주의보,2023-07-04,철원
호우주의보,2023-07-04,대전
호우주의보,2023-07-04,보은
호우주의보,2023-07-04,영월
호우경보,2023-07-04,대전
호우주의보,2023-07-04,청주
호우주의보,2023-07-04,안동
호우주의보,2023-07-05,동해
호우주의보,2023-07-05,파주
호우주의보,2023-07-05,서울
호우주의보,2023-07-05,울진
호우주의보,2023-07-05,동두천
호우주의보,2023-07-05,철원
호우주의보,2023-07-05,울릉도
호우주의보,2023-07-05,춘천
호우주의보,2023-07-05,원주
호우주의보,2023-07-05,목포
호우주의보,2023-07-05,영월
호우주의보,2023-07-05,장수
호우주의보,2023-07-05,안동
호우주의보,2023-07-05,인천
호우주의보,2023-07-07,제주도
호우주의보,2023-07-07,흑산도
호우주의보,2023-07-07,목포
호우주의보,2023-07-07,파주
호우주의보,2023-07-07,부안
호우주의보,2023-07-07,군산
호우주의보,2023-07-07,순천
호우주의보,2023-07-07,장수
호우주의보,2023-07-07,창원
호우주의보,2023-07-07,상주
호우주의보,2023-07-07,대전
호우주의보,2023-07-07,광주
호우주의보,2023-07-07,안동
호우주의보,2023-07-07,여수
호우주의보,2023-07-07,영주
호우주의보,2023-07-07,강릉
호우주의보,2023-07-07,밀양
호우경보,2023-07-07,상주
호우주의보,2023-07-07,거창
호우주의보,2023-07-07,대구
호우주의보,2023-07-07,통영
호우주의보,2023-07-08,제주도
호우주의보,2023-07-09,철원
호우주의보,2023-07-09,춘천
호우주의보,2023-07-09,서울
호우주의보,2023-07-09,동두천
호우주의보,2023-07-09,충주
호우주의보,2023-07-09,영월
호우주의보,2023-07-09,봉화
호우주의보,2023-07-09,상주
호우주의보,2023-07-09,안동
호우주의보,2023-07-10,흑산도
호우주의보,2023-07-10,세종
호우주의보,2023-07-10,청주
호우주의보,2023-07-10,원주
호우경보,2023-07-10,세종
호우주의보,2023-07-10,상주
호우주의보,2023-07-10,영월
호우주의보,2023-07-10,양평
호우주의보,2023-07-10,광주
호우주의보,2023-07-10,충주
호우주의보,2023-07-10,봉화
호우주의보,2023-07-11,흑산도
호우주의보,2023-07-11,수원
호우주의보,2023-07-11,이천
호우주의보,2023-07-11,서울
호우주의보,2023-07-11,동해
호우주의보,2023-07-11,원주
호우경보,2023-07-11,이천
호우경보,2023-07-11,원주
호우주의보,2023-07-11,영월
호우주의보,2023-07-11,보령
호우주의보,2023-07-11,인천
호우주의보,2023-07-11,파주
호우주의보,2023-07-11,울릉도
호우주의보,2023-07-11,상주
호우주의보,2023-07-11,진주
호우주의보,2023-07-11,대구
호우주의보,2023-07-11,안동
호우주의보,2023-07-11,영덕
호우경보,2023-07-11,서울
호우주의보,2023-07-11,철원
호우경보,2023-07-11,부산
호우경보,2023-07-11,광주
호우주의보,2023-07-11,고창
호우주의보,2023-07-11,군산
호우주의보,2023-07-11,대전
호우주의보,2023-07-11,동두천
호우주의보,2023-07-11,충주
호우주의보,2023-07-11,포항
호우주의보,2023-07-12,순천
호우주의보,2023-07-12,창원
호우주의보,2023-07-12,여수
호우주의보,2023-07-12,완도
호우경보,2023-07-12,여수
호우경보,2023-07-12,순천
호우주의보,2023-07-12,해남
호우경보,2023-07-12,남해
호우주의보,2023-07-12,통영
호우주의보,2023-07-12,상주
호우주의보,2023-07-12,동해
호우주의보,2023-07-12,부산
호우주의보,2023-07-13,군산
호우주의보,2023-07-13,보령
호우주의보,2023-07-13,인천
호우주의보,2023-07-13,동두천
호우주의보,2023-07-13,청주
호우주의보,2023-07-13,철원
호우주의보,2023-07-13,안동
호우주의보,2023-07-13,부산
호우주의보,2023-07-13,대전
호우경보,2023-07-13,서울
호우주의보,2023-07-13,울진
호우주의보,2023-07-13,전주
호우주의보,2023-07-14,울산
호우주의보,2023-07-14,대전
호우주의보,2023-07-14,속초
호우경보,2023-07-14,청주
호우주의보,2023-07-14,서울
호우주의보,2023-07-14,동해
호우주의보,2023-07-14,철원
호우주의보,2023-07-14,원주
호우주의보,2023-07-14,울릉도
호우주의보,2023-07-14,서산
호우주의보,2023-07-14,청주
호우경보,2023-07-14,상주
호우주의보,2023-07-14,충주
호우주의보,2023-07-14,영월
호우주의보,2023-07-14,고창
호우경보,2023-07-14,울릉도
호우주의보,2023-07-14,임실
호우주의보,2023-07-14,거창
호우경보,2023-07-14,원주
호우경보,2023-07-14,고창
호우경보,2023-07-14,영월
호우경보,2023-07-15,양평
호우주의보,2023-07-15,울릉도
호우주의보,2023-07-15,광주
호우주의보,2023-07-15,철원
호우주의보,2023-07-15,원주
호우주의보,2023-07-15,대구
호우주의보,2023-07-15,장흥
호우경보,2023-07-15,광주
호우주의보,2023-07-15,순천
호우주의보,2023-07-15,여수
호우경보,2023-07-15,거창
호우주의보,2023-07-15,포항
호우주의보,2023-07-15,제주도
호우경보,2023-07-15,대구
호우경보,2023-07-15,영천
호우경보,2023-07-15,포항
호우주의보,2023-07-16,동해
호우주의보,2023-07-16,제주도
호우경보,2023-07-16,흑산도
호우경보,2023-07-16,제주도
호우주의보,2023-07-16,울릉도
호우주의보,2023-07-17,제주도
호우주의보,2023-07-17,울진
호우주의보,2023-07-17,원주
호우주의보,2023-07-17,광주
호우주의보,2023-07-17,홍천
호우경보,2023-07-18,수원
호우주의보,2023-07-18,수원
호우경보,2023-07-18,울진
호우주의보,2023-07-18,목포
호우주의보,2023-07-18,원주
호우주의보,2023-07-18,영월
호우주의보,2023-07-18,제주도
호우경보,2023-07-18,상주
호우경보,2023-07-18,안동
호우경보,2023-07-19,울진
호우경보,2023-07-19,울릉도
호우주의보,2023-07-21,안동
호우주의보,2023-07-21,홍천
호우경보,2023-07-22,제주도
호우주의보,2023-07-22,흑산도
호우주의보,2023-07-22,제주도
호우주의보,2023-07-22,완도
호우주의보,2023-07-22,장흥
호우주의보,2023-07-22,여수
호우주의보,2023-07-22,목포
호우주의보,2023-07-22,전주
호우주의보,2023-07-22,인천
호우주의보,2023-07-22,고창
호우주의보,2023-07-22,군산
호우주의보,2023-07-22,동두천
호우주의보,2023-07-23,철원
호우주의보,2023-07-23,인천
호우주의보,2023-07-23,목포
호우주의보,2023-07-23,대전
호우주의보,2023-07-23,청주
호우경보,2023-07-23,고창
호우주의보,2023-07-23,흑산도
호우주의보,2023-07-23,해남
호우주의보,2023-07-23,고흥
호우주의보,2023-07-23,광주
호우주의보,2023-07-23,충주
호우주의보,2023-07-23,장흥
호우경보,2023-07-23,해남
호우경보,2023-07-23,광주
호우주의보,2023-07-24,상주
호우주의보,2023-07-24,정읍
호우주의보,2023-07-24,수원
호우주의보,2023-07-24,충주
호우주의보,2023-07-24,속초
호우주의보,2023-07-24,제주도
호우주의보,2023-07-24,통영
호우주의보,2023-07-24,진주
호우주의보,2023-07-24,창원
호우주의보,2023-07-24,밀양
호우주의보,2023-07-24,울산
호우주의보,2023-07-24,여수
호우주의보,2023-07-25,흑산도
호우주의보,2023-07-25,고창
호우주의보,2023-07-25,정읍
호우주의보,2023-07-25,제주도
호우주의보,2023-07-25,전주
호우경보,2023-07-25,흑산도
호우주의보,2023-07-25,파주
호우주의보,2023-07-25,철원
호우주의보,2023-07-25,안동
호우주의보,2023-07-25,상주
호우주의보,2023-07-25,영월
호우주의보,2023-07-25,구미
호우주의보,2023-07-25,거창
호우주의보,2023-07-25,세종
호우주의보,2023-07-26,철원
호우경보,2023-07-26,파주
호우주의보,2023-07-26,순천
호우주의보,2023-07-26,인천
호우주의보,2023-07-26,남해
호우경보,2023-07-26,철원
호우주의보,2023-07-26,제주도
호우주의보,2023-07-26,광주
호우주의보,2023-07-26,봉화
호우주의보,2023-07-26,원주
호우주의보,2023-07-26,문경
호우경보,2023-07-26,서산
호우주의보,2023-07-26,영월
호우주의보,2023-07-26,충주
호우주의보,2023-07-26,상주
호우주의보,2023-07-26,거창
호우주의보,2023-07-26,홍천
호우주의보,2023-07-26,안동
호우주의보,2023-07-26,합천
호우주의보,2023-07-26,대구
호우주의보,2023-07-26,서울
호우주의보,2023-07-26,보령
호우주의보,2023-07-26,청주
호우주의보,2023-07-27,제주도
호우주의보,2023-07-27,제천
호우주의보,2023-07-28,제주도
호우주의보,2023-07-28,인천
호우주의보,2023-07-30,수원
호우주의보,2023-07-30,대전
호우주의보,2023-07-30,서울
호우주의보,2023-07-30,전주
호우주의보,2023-07-30,고창
호우경보,2023-07-30,서울
호우주의보,2023-07-30,파주
호우주의보,2023-07-31,광주
호우주의보,2023-07-31,이천
호우주의보,2023-07-31,봉화
호우경보,2023-07-31,이천
호우주의보,2023-08-02,남원
호우주의보,2023-08-06,부산
호우주의보,2023-08-06,서울
호우주의보,2023-08-06,속초
호우주의보,2023-08-06,문경
호우경보,2023-08-06,속초
호우주의보,2023-08-06,대전
호우주의보,2023-08-07,속초
호우주의보,2023-08-07,해남
호우주의보,2023-08-07,임실
호우주의보,2023-08-07,문경
호우주의보,2023-08-07,광주
호우주의보,2023-08-07,정읍
호우주의보,2023-08-07,인천
호우경보,2023-08-07,인천
호우주의보,2023-08-07,동해
호우주의보,2023-08-09,제주도
호우주의보,2023-08-09,포항
호우주의보,2023-08-09,속초
호우주의보,2023-08-09,울진
호우경보,2023-08-09,강릉
호우경보,2023-08-09,속초
호우주의보,2023-08-14,광주
호우주의보,2023-08-15,순천
호우주의보,2023-08-17,산청
호우주의보,2023-08-17,진주
호우경보,2023-08-17,동해
호우주의보,2023-08-17,여수
호우주의보,2023-08-17,제주도
호우경보,2023-08-17,제주도
호우주의보,2023-08-17,임실
호우경보,2023-08-17,임실
호우주의보,2023-08-18,울산
호우주의보,2023-08-18,의성
호우주의보,2023-08-18,산청
호우주의보,2023-08-18,광주
호우경보,2023-08-18,광주
호우경보,2023-08-19,제주도
호우주의보,2023-08-19,부산
호우주의보,2023-08-19,제주도
호우주의보,2023-08-19,여수
호우주의보,2023-08-19,남원
호우주의보,2023-08-20,부산
호우주의보,2023-08-20,봉화
호우주의보,2023-08-20,상주
호우경보,2023-08-20,상주
호우경보,2023-08-20,부산
호우주의보,2023-08-20,안동
호우주의보,2023-08-20,양평
호우주의보,2023-08-20,제천
호우주의보,2023-08-20,울진
호우경보,2023-08-20,안동
호우주의보,2023-08-22,제주도
호우주의보,2023-08-22,인천
호우주의보,2023-08-22,서울
호우주의보,2023-08-22,흑산도
호우주의보,2023-08-22,세종
호우주의보,2023-08-22,군산
호우주의보,2023-08-22,동두천
호우주의보,2023-08-22,철원
호우경보,2023-08-22,파주
호우경보,2023-08-22,고창
호우주의보,2023-08-23,파주
호우주의보,2023-08-23,인천
호우주의보,2023-08-23,제주도
호우경보,2023-08-23,제주도
호우경보,2023-08-23,흑산도
호우주의보,2023-08-23,광주
호우주의보,2023-08-23,홍성
호우경보,2023-08-23,서산
호우주의보,2023-08-23,춘천
호우주의보,2023-08-23,부산
호우경보,2023-08-23,목포
호우주의보,2023-08-23,원주
호우주의보,2023-08-23,강릉
호우경보,2023-08-23,이천
호우주의보,2023-08-23,고흥
호우주의보,2023-08-23,동두천
호우주의보,2023-08-23,속초
호우주의보,2023-08-23,철원
호우주의보,2023-08-23,군산
호우주의보,2023-08-23,제천
호우주의보,2023-08-23,영월
호우주의보,2023-08-23,진주
호우경보,2023-08-23,산청
호우주의보,2023-08-24,여수
호우주의보,2023-08-24,남원
호우주의보,2023-08-24,울산
호우주의보,2023-08-24,부산
호우주의보,2023-08-24,포항
호우주의보,2023-08-24,순천
호우주의보,2023-08-24,제주도
호우주의보,2023-08-24,상주
호우주의보,2023-08-24,영주
호우주의보,2023-08-24,봉화
호우주의보,2023-08-24,울진
호우주의보,2023-08-24,대구
호우주의보,2023-08-24,청주
호우경보,2023-08-24,청주
호우주의보,2023-08-24,양평
호우주의보,2023-08-24,남해
호우주의보,2023-08-24,진주
호우주의보,2023-08-24,구미
호우주의보,2023-08-24,안동
호우주의보,2023-08-25,영월
호우주의보,2023-08-25,부산
호우주의보,2023-08-25,상주
호우주의보,2023-08-25,안동
호우주의보,2023-08-28,완도
호우주의보,2023-08-28,장흥
호우주의보,2023-08-28,광주
호우주의보,2023-08-28,고흥
호우주의보,2023-08-28,제주도
호우주의보,2023-08-29,인천
호우주의보,2023-08-29,산청
호우주의보,2023-08-29,합천
호우경보,2023-08-29,합천
호우주의보,2023-08-29,완도
호우주의보,2023-08-29,임실
호우주의보,2023-08-29,문경
호우주의보,2023-08-29,상주
호우주의보,2023-08-30,거창
호우주의보,2023-08-30,임실
호우주의보,2023-08-30,여수
호우주의보,2023-08-30,제주도
호우주의보,2023-08-30,구미
호우주의보,2023-08-30,안동
호우경보,2023-08-30,산청
호우주의보,2023-08-30,남원
호우경보,2023-08-30,제주도
호우경보,2023-08-30,동해
호우주의보,2023-08-30,창원
호우경보,2023-08-30,장흥
호우주의보,2023-08-30,장수
호우주의보,2023-08-30,통영
호우주의보,2023-08-30,장흥
호우주의보,2023-08-30,속초
호우주의보,2023-08-30,대구
호우주의보,2023-08-30,완도
호우주의보,2023-08-30,산청
호우주의보,2023-08-31,구미
호우주의보,2023-08-31,안동
호우주의보,2023-08-31,부산
호우주의보,2023-08-31,울릉도
호우주의보,2023-08-31,울산
호우경보,2023-09-01,거제
호우주의보,2023-09-01,울산
호우주의보,2023-09-01,부산
호우주의보,2023-09-01,통영
호우경보,2023-09-01,통영
호우경보,2023-09-01,고흥
호우경보,2023-09-01,부산
호우주의보,2023-09-01,제주도
호우경보,2023-09-01,제주도
호우주의보,2023-09-01,여수
호우경보,2023-09-02,제주도
호우주의보,2023-09-02,인천
호우주의보,2023-09-02,여수
호우주의보,2023-09-02,통영
호우주의보,2023-09-02,거제
호우주의보,2023-09-03,영천
호우주의보,2023-09-03,전주
호우주의보,2023-09-05,서울
호우주의보,2023-09-11,울릉도
호우주의보,2023-09-12,제주도
호우주의보,2023-09-13,강릉
호우주의보,2023-09-13,속초
호우주의보,2023-09-13,충주
호우주의보,2023-09-13,울릉도
호우주의보,2023-09-13,완도
호우주의보,2023-09-14,진주
호우주의보,2023-09-15,완도
호우주의보,2023-09-15,목포
호우주의보,2023-09-15,고흥
호우주의보,2023-09-16,군산
호우주의보,2023-09-16,부여
호우주의보,2023-09-16,세종
호우주의보,2023-09-16,완도
호우주의보,2023-09-16,청주
호우경보,2023-09-16,세종
호우주의보,2023-09-16,제주도
호우주의보,2023-09-16,여수
호우주의보,2023-09-16,창원
호우경보,2023-09-16,창원
호우주의보,2023-09-16,장흥
호우주의보,2023-09-16,흑산도
호우주의보,2023-09-16,울산
호우경보,2023-09-16,부산
호우주의보,2023-09-16,광주
호우주의보,2023-09-16,고창
호우주의보,2023-09-16,전주
호우주의보,2023-09-16,상주
호우주의보,2023-09-16,원주
호우주의보,2023-09-16,통영
호우주의보,2023-09-16,진주
호우주의보,2023-09-16,충주
호우주의보,2023-09-17,여수
호우주의보,2023-09-17,진주
호우주의보,2023-09-17,인천
호우주의보,2023-09-17,울산
호우주의보,2023-09-17,포항
호우주의보,2023-09-17,부산
호우경보,2023-09-17,부산
호우경보,2023-09-17,울산
호우주의보,2023-09-17,제주도
호우경보,2023-09-17,제주도
호우주의보,2023-09-17,장흥
호우주의보,2023-09-17,영월
호우주의보,2023-09-18,제주도
호우주의보,2023-09-18,통영
호우주의보,2023-09-18,영월
호우주의보,2023-09-18,영주
호우주의보,2023-09-18,봉화
호우주의보,2023-09-18,창원
호우주의보,2023-09-18,거제
호우주의보,2023-09-20,목포
호우주의보,2023-09-20,군산
호우주의보,2023-09-20,울진
호우주의보,2023-09-20,동해
호우주의보,2023-09-20,이천
호우주의보,2023-09-20,부여
호우주의보,2023-09-20,산청
호우주의보,2023-09-20,고창
호우주의보,2023-09-20,충주
호우주의보,2023-09-20,통영
호우주의보,2023-09-20,울산
호우경보,2023-09-20,홍성
호우주의보,2023-09-20,금산
호우주의보,2023-09-20,제주도
호우경보,2023-09-20,제주도
호우주의보,2023-09-20,울릉도
호우주의보,2023-09-20,강릉
호우경보,2023-09-20,부산
호우주의보,2023-09-20,봉화
호우주의보,2023-09-20,안동
호우경보,2023-09-20,울산
호우주의보,2023-09-20,의성
호우주의보,2023-09-21,강릉
호우주의보,2023-09-21,동해
호우주의보,2023-09-21,통영
호우주의보,2023-09-21,울진
호우경보,2023-09-21,부산
호우주의보,2023-09-21,울릉도
호우주의보,2023-11-05,울릉도
호우주의보,2023-11-05,동해
호우주의보,2023-11-05,부안
호우주의보,2023-11-05,제주도
호우주의보,2023-11-05,속초
호우주의보,2023-11-05,인천
호우주의보,2023-11-06,철원
호우주의보,2023-11-06,울릉도
호우주의보,2023-11-06,서산
호우주의보,2023-11-06,파주
호우주의보,2023-11-06,완도
호우주의보,2023-11-06,수원
호우주의보,2023-11-06,속초
호우주의보,2023-11-06,여수
호우주의보,2023-11-06,산청
호우주의보,2023-12-11,제주도
호우주의보,2023-12-11,부산
호우주의보,2023-12-11,울진
호우경보,2023-12-11,제주도
호우주의보,2023-12-11,군산
호우주의보,2023-12-12,울진
호우주의보,2024-02-18,제주도
호우주의보,2024-02-18,흑산도
호우경보,2024-02-18,제주도
호우주의보,2024-02-18,여수
호우주의보,2024-02-18,장흥
호우주의보,2024-02-18,순천
호우주의보,2024-02-18,진주
호우주의보,2024-02-19,제주도
호우주의보,2024-02-19,창원
호우주의보,2024-02-19,해남
호우주의보,2024-02-19,부산
호우주의보,2024-02-19,순천
호우주의보,2024-02-19,여수
호우주의보,2024-02-19,진주
호우주의보,2024-03-28,제주도
호우주의보,2024-03-28,남해
호우주의보,2024-03-28,부산
호우주의보,2024-03-28,동해
호우주의보,2024-04-02,흑산도
호우주의보,2024-04-02,제주도
호우경보,2024-04-02,제주도
호우주의보,2024-04-03,제주도
호우주의보,2024-04-03,부산
호우주의보,2024-04-15,제주도
호우주의보,2024-04-15,동해
호우주의보,2024-04-20,제주도
호우주의보,2024-04-28,제주도
호우주의보,2024-04-29,제주도
호우경보,2024-04-29,제주도
호우주의보,2024-04-29,완도
호우주의보,2024-05-04,제주도
호우경보,2024-05-05,제주도
호우주의보,2024-05-05,제주도
호우주의보,2024-05-05,완도
호우주의보,2024-05-05,여수
호우주의보,2024-05-05,서산
호우경보,2024-05-05,순천
호우경보,2024-05-05,인천
호우주의보,2024-05-05,창원
호우주의보,2024-05-05,인천
호우주의보,2024-05-05,밀양
호우주의보,2024-05-05,해남
호우주의보,2024-05-05,합천
호우주의보,2024-05-06,동해
호우주의보,2024-05-06,여수
호우주의보,2024-05-06,진주
호우주의보,2024-05-06,창원
호우주의보,2024-05-11,인천
호우주의보,2024-05-11,제주도
호우주의보,2024-05-12,여수
호우주의보,2024-05-15,파주
호우주의보,2024-05-16,동해
호우주의보,2024-05-26,홍성
호우주의보,2024-05-26,제주도
호우주의보,2024-05-26,동해
호우주의보,2024-06-03,남원
호우주의보,2024-06-08,제주도
호우주의보,2024-06-15,울산
호우주의보,2024-06-15,밀양
호우주의보,2024-06-20,제주도
호우경보,2024-06-20,제주도
호우주의보,2024-06-20,부산
호우주의보,2024-06-22,흑산도
호우주의보,2024-06-22,완도
호우주의보,2024-06-22,목포
호우주의보,2024-06-22,여수
호우주의보,2024-06-22,통영
호우주의보,2024-06-22,제주도
호우주의보,2024-06-22,광주
호우주의보,2024-06-22,창원
호우주의보,2024-06-22,부산
호우주의보,2024-06-23,제주도
호우주의보,2024-06-23,동해
호우주의보,2024-06-23,철원
호우주의보,2024-06-23,파주
호우주의보,2024-06-24,영천
호우주의보,2024-06-27,제주도
호우주의보,2024-06-29,제주도
호우주의보,2024-06-29,흑산도
호우주의보,2024-06-29,완도
호우경보,2024-06-29,제주도
호우주의보,2024-06-29,광주
호우주의보,2024-06-29,군산
호우주의보,2024-06-29,서산
호우주의보,2024-06-29,수원
호우주의보,2024-06-29,봉화
호우주의보,2024-06-29,통영
호우주의보,2024-06-29,부산
호우주의보,2024-06-29,원주
호우주의보,2024-06-29,동해
호우주의보,2024-06-29,춘천
호우주의보,2024-06-30,인천
호우주의보,2024-06-30,동해
호우주의보,2024-06-30,수원
호우주의보,2024-06-30,충주
호우주의보,2024-06-30,철원
호우주의보,2024-06-30,대전
호우주의보,2024-06-30,울릉도
호우경보,2024-06-30,제주도
호우주의보,2024-06-30,제주도
호우주의보,2024-06-30,울산
호우주의보,2024-06-30,통영
호우주의보,2024-07-02,창원
호우주의보,2024-07-02,부안
호우주의보,2024-07-02,군산
호우주의보,2024-07-02,밀양
호우주의보,2024-07-02,울산
호우주의보,2024-07-02,흑산도
호우주의보,2024-07-02,홍성
호우주의보,2024-07-02,인천
호우주의보,2024-07-02,청주
호우주의보,2024-07-02,충주
호우주의보,2024-07-02,서울
호우주의보,2024-07-02,제천
호우주의보,2024-07-02,철원
호우주의보,2024-07-02,서산
호우주의보,2024-07-07,청주
호우주의보,2024-07-07,충주
호우주의보,2024-07-07,보령
호우주의보,2024-07-07,영주
호우주의보,2024-07-07,군산
호우주의보,2024-07-07,제천
호우주의보,2024-07-07,봉화
호우주의보,2024-07-07,울진
호우주의보,2024-07-07,안동
호우경보,2024-07-07,상주
호우주의보,2024-07-08,울진
호우주의보,2024-07-08,대전
호우주의보,2024-07-08,부여
호우주의보,2024-07-08,금산
호우경보,2024-07-08,대전
호우주의보,2024-07-08,양평
호우경보,2024-07-08,부여
호우주의보,2024-07-08,군산
호우주의보,2024-07-08,동해
호우주의보,2024-07-08,춘천
호우주의보,2024-07-08,충주
호우주의보,2024-07-08,고창
호우주의보,2024-07-08,울릉도
호우주의보,2024-07-08,인천
호우주의보,2024-07-08,서산
호우주의보,2024-07-08,홍성
호우주의보,2024-07-08,세종
호우주의보,2024-07-08,청주
호우주의보,2024-07-08,이천
호우경보,2024-07-08,청주
호우주의보,2024-07-08,안동
호우주의보,2024-07-08,대구
호우주의보,2024-07-08,상주
호우주의보,2024-07-09,안동
호우주의보,2024-07-09,울릉도
호우경보,2024-07-09,포항
호우경보,2024-07-09,영천
호우주의보,2024-07-09,대구
호우경보,2024-07-09,거창
호우주의보,2024-07-09,울산
호우주의보,2024-07-09,전주
호우주의보,2024-07-09,포항
호우주의보,2024-07-09,고창
호우주의보,2024-07-09,서울
호우주의보,2024-07-09,거창
호우주의보,2024-07-09,장수
호우주의보,2024-07-09,제주도
호우주의보,2024-07-09,군산
호우주의보,2024-07-09,청주
호우경보,2024-07-09,군산
호우경보,2024-07-09,서산
호우주의보,2024-07-09,서산
호우주의보,2024-07-10,충주
호우주의보,2024-07-10,상주
호우주의보,2024-07-10,울릉도
호우경보,2024-07-10,대전
호우주의보,2024-07-10,서울
호우주의보,2024-07-10,전주
호우경보,2024-07-10,충주
호우주의보,2024-07-10,안동
호우주의보,2024-07-10,수원
호우경보,2024-07-10,상주
호우경보,2024-07-10,대구
호우경보,2024-07-10,안동
호우주의보,2024-07-10,대전
호우경보,2024-07-10,울산
호우경보,2024-07-10,영천
호우주의보,2024-07-10,포항
호우경보,2024-07-10,부산
호우주의보,2024-07-10,동해
호우주의보,2024-07-10,완도
호우주의보,2024-07-10,제주도
호우주의보,2024-07-10,영월
호우주의보,2024-07-10,봉화
호우주의보,2024-07-11,거창
호우주의보,2024-07-11,합천
호우주의보,2024-07-11,남원
호우주의보,2024-07-11,산청
호우주의보,2024-07-12,임실
호우주의보,2024-07-12,대구
호우주의보,2024-07-13,제주도
호우주의보,2024-07-14,제주도
호우주의보,2024-07-14,통영
호우경보,2024-07-14,통영
호우주의보,2024-07-14,창원
호우주의보,2024-07-14,여수
호우주의보,2024-07-14,울산
호우주의보,2024-07-14,완도
호우주의보,2024-07-14,해남
호우주의보,2024-07-14,홍성
호우주의보,2024-07-15,제주도
호우주의보,2024-07-15,철원
호우주의보,2024-07-15,금산
호우주의보,2024-07-15,대전
호우주의보,2024-07-15,흑산도
호우주의보,2024-07-16,목포
호우주의보,2024-07-16,완도
호우주의보,2024-07-16,제주도
호우경보,2024-07-16,해남
호우주의보,2024-07-16,여수
호우경보,2024-07-16,완도
호우주의보,2024-07-16,고흥
호우주의보,2024-07-16,통영
호우주의보,2024-07-16,순천
호우주의보,2024-07-16,산청
호우경보,2024-07-16,여수
호우경보,2024-07-16,남해
호우주의보,2024-07-16,창원
호우주의보,2024-07-16,부산
호우주의보,2024-07-16,남원
호우주의보,2024-07-16,상주
호우주의보,2024-07-16,진주
호우주의보,2024-07-16,군산
호우주의보,2024-07-16,대전
호우경보,2024-07-16,보령
호우경보,2024-07-16,부여
호우주의보,2024-07-16,청주
호우주의보,2024-07-16,충주
호우주의보,2024-07-16,서산
호우주의보,2024-07-17,상주
호우경보,2024-07-17,천안
호우주의보,2024-07-17,영주
호우주의보,2024-07-17,대전
호우주의보,2024-07-17,충주
호우주의보,2024-07-17,동두천
호우주의보,2024-07-17,서산
호우주의보,2024-07-17,철원
호우경보,2024-07-17,파주
호우경보,2024-07-17,동두천
호우주의보,2024-07-17,서울
호우주의보,2024-07-17,춘천
호우경보,2024-07-17,양평
호우경보,2024-07-17,서울
호우주의보,2024-07-17,인천
호우주의보,2024-07-17,파주
호우경보,2024-07-17,인천
호우경보,2024-07-17,철원
호우주의보,2024-07-18,동두천
호우주의보,2024-07-18,서울
호우경보,2024-07-18,서산
호우경보,2024-07-18,수원
호우경보,2024-07-18,서울
호우주의보,2024-07-18,춘천
호우경보,2024-07-18,이천
호우주의보,2024-07-18,원주
호우주의보,2024-07-18,고창
호우주의보,2024-07-18,부산
호우경보,2024-07-18,천안
호우주의보,2024-07-18,세종
호우주의보,2024-07-18,대전
호우주의보,2024-07-18,군산
호우주의보,2024-07-18,철원
호우경보,2024-07-18,원주
호우주의보,2024-07-18,충주
호우주의보,2024-07-18,영월
호우주의보,2024-07-18,울릉도
호우주의보,2024-07-18,흑산도
호우주의보,2024-07-19,목포
호우주의보,2024-07-19,순천
호우주의보,2024-07-19,광주
호우주의보,2024-07-19,완도
호우주의보,2024-07-19,제주도
호우주의보,2024-07-19,속초
호우주의보,2024-07-20,군산
호우주의보,2024-07-20,부여
호우주의보,2024-07-20,부안
호우주의보,2024-07-20,전주
호우주의보,2024-07-20,광주
호우경보,2024-07-20,광주
호우주의보,2024-07-20,포항
호우주의보,2024-07-20,산청
호우주의보,2024-07-20,합천
호우주의보,2024-07-20,남원
호우주의보,2024-07-20,인천
호우주의보,2024-07-21,목포
호우주의보,2024-07-21,장흥
호우주의보,2024-07-21,부산
호우주의보,2024-07-21,해남
호우주의보,2024-07-21,속초
호우주의보,2024-07-22,동두천
호우주의보,2024-07-22,철원
호우경보,2024-07-22,철원
호우주의보,2024-07-23,파주
호우주의보,2024-07-23,양평
호우주의보,2024-07-23,철원
호우주의보,2024-07-23,울릉도
호우주의보,2024-07-23,원주
호우주의보,2024-07-23,서산
호우주의보,2024-07-23,광주
호우주의보,2024-07-24,창원
호우주의보,2024-07-24,부산
호우경보,2024-07-24,창원
호우주의보,2024-07-24,원주
호우주의보,2024-07-24,철원
호우주의보,2024-07-24,춘천
호우주의보,2024-07-24,홍천
호우경보,2024-07-24,춘천
호우경보,2024-07-24,홍천
호우주의보,2024-07-24,영월
호우주의보,2024-07-24,제천
호우주의보,2024-07-24,통영
호우주의보,2024-07-24,대구
호우주의보,2024-07-24,영천
호우주의보,2024-07-24,밀양
호우주의보,2024-07-24,합천
호우주의보,2024-07-24,순천
호우주의보,2024-07-24,전주
호우주의보,2024-07-24,문경
호우주의보,2024-07-24,임실
호우주의보,2024-07-24,거창
호우주의보,2024-07-25,군산
호우주의보,2024-07-25,서울
호우주의보,2024-07-25,춘천
호우주의보,2024-07-25,철원
호우주의보,2024-07-26,철원
호우주의보,2024-07-26,춘천
호우주의보,2024-07-26,제주도
호우주의보,2024-07-26,완도
호우주의보,2024-07-26,여수
호우주의보,2024-07-26,산청
호우주의보,2024-07-27,목포
호우주의보,2024-07-27,여수
호우주의보,2024-07-27,동두천
호우주의보,2024-07-27,보은
호우주의보,2024-07-27,제주도
호우주의보,2024-07-27,철원
호우주의보,2024-08-04,산청
호우주의보,2024-08-04,장수
호우주의보,2024-08-04,진주
호우주의보,2024-08-04,거창
호우주의보,2024-08-04,의성
호우주의보,2024-08-04,대전
호우주의보,2024-08-04,순천
호우주의보,2024-08-04,보은
호우주의보,2024-08-05,전주
호우주의보,2024-08-05,임실
호우주의보,2024-08-05,제주도
호우주의보,2024-08-05,고창
호우주의보,2024-08-05,광주
호우주의보,2024-08-05,남원
호우주의보,2024-08-05,부산
호우주의보,2024-08-05,대전
호우주의보,2024-08-05,영월
호우주의보,2024-08-05,목포
호우주의보,2024-08-05,안동
호우주의보,2024-08-05,청주
호우주의보,2024-08-05,상주
호우주의보,2024-08-05,충주
호우주의보,2024-08-05,원주
호우주의보,2024-08-05,대구
호우경보,2024-08-05,양평
호우주의보,2024-08-05,인제
호우주의보,2024-08-05,춘천
호우경보,2024-08-05,춘천
호우경보,2024-08-05,원주
호우주의보,2024-08-06,철원
호우주의보,2024-08-06,홍성
호우주의보,2024-08-06,춘천
호우주의보,2024-08-06,부산
호우주의보,2024-08-06,서산
호우주의보,2024-08-06,제주도
호우주의보,2024-08-06,산청
호우주의보,2024-08-08,대구
호우주의보,2024-08-08,영천
호우주의보,2024-08-08,서울
호우경보,2024-08-08,서울
호우주의보,2024-08-08,울산
호우주의보,2024-08-08,부산
호우주의보,2024-08-08,거제
호우주의보,2024-08-09,광주
호우주의보,2024-08-09,부산
호우주의보,2024-08-10,제주도
호우주의보,2024-08-10,임실
호우주의보,2024-08-14,서울
호우주의보,2024-08-14,인천
호우주의보,2024-08-15,울산
호우주의보,2024-08-15,제주도
호우주의보,2024-08-15,서산
호우주의보,2024-08-15,홍성
호우주의보,2024-08-15,인천
호우주의보,2024-08-16,완도
호우주의보,2024-08-16,해남
호우주의보,2024-08-16,전주
호우주의보,2024-08-16,정읍
호우주의보,2024-08-16,광주
호우주의보,2024-08-16,임실
호우주의보,2024-08-16,고창
호우주의보,2024-08-16,남원
호우주의보,2024-08-17,장흥
호우주의보,2024-08-17,남원
호우주의보,2024-08-17,전주
호우주의보,2024-08-17,파주
호우주의보,2024-08-17,부여
호우주의보,2024-08-17,합천
호우주의보,2024-08-18,서울
호우주의보,2024-08-20,울산
호우경보,2024-08-20,울산
호우주의보,2024-08-20,포항
호우주의보,2024-08-20,부산
호우주의보,2024-08-20,흑산도
호우주의보,2024-08-20,제주도
호우주의보,2024-08-20,창원
호우주의보,2024-08-20,군산
호우주의보,2024-08-21,목포
호우주의보,2024-08-21,서산
호우주의보,2024-08-21,보령
호우주의보,2024-08-21,부여
호우주의보,2024-08-21,춘천
호우주의보,2024-08-21,철원
호우주의보,2024-08-21,수원
호우주의보,2024-08-21,서울
호우주의보,2024-08-21,동두천
호우주의보,2024-08-21,인천
호우경보,2024-08-21,파주
호우주의보,2024-08-21,울산
호우경보,2024-08-21,동두천
호우경보,2024-08-21,철원
호우주의보,2024-08-21,홍성
호우주의보,2024-08-21,파주
호우주의보,2024-08-25,제주도
호우주의보,2024-08-25,영천
호우주의보,2024-08-25,구미
호우주의보,2024-08-26,구미
호우주의보,2024-08-26,남원
호우경보,2024-08-26,남원
호우주의보,2024-08-27,울산
호우경보,2024-08-27,울산
호우주의보,2024-08-27,안동
호우주의보,2024-08-27,창원
호우주의보,2024-08-27,제주도
호우경보,2024-08-27,제주도
호우주의보,2024-08-27,대구
호우주의보,2024-08-27,순천
호우주의보,2024-08-27,장흥
호우주의보,2024-08-27,광주
호우주의보,2024-08-27,목포
호우주의보,2024-08-28,제주도
호우경보,2024-08-28,제주도
호우주의보,2024-08-29,부산
호우주의보,2024-08-29,동해
호우주의보,2024-08-29,강릉
호우주의보,2024-09-02,포항
호우주의보,2024-09-06,제주도
호우주의보,2024-09-07,여수
호우주의보,2024-09-07,제주도
호우경보,2024-09-07,제주도
호우주의보,2024-09-08,제주도
호우경보,2024-09-08,제주도
호우경보,2024-09-08,파주
호우주의보,2024-09-10,제주도
호우주의보,2024-09-11,제주도
호우주의보,2024-09-11,완도
호우주의보,2024-09-11,포항
호우주의보,2024-09-11,해남
호우주의보,2024-09-11,부안
호우경보,2024-09-11,부안
호우경보,2024-09-11,완도
호우주의보,2024-09-11,군산
호우주의보,2024-09-11,안동
호우주의보,2024-09-11,천안
호우주의보,2024-09-11,홍성
호우주의보,2024-09-11,서산
호우주의보,2024-09-11,문경
호우주의보,2024-09-11,부산
호우주의보,2024-09-11,강릉
호우주의보,2024-09-11,원주
호우주의보,2024-09-11,울릉도
호우주의보,2024-09-11,보은
호우주의보,2024-09-11,상주
호우주의보,2024-09-12,서울
호우주의보,2024-09-12,이천
호우주의보,2024-09-12,원주
호우주의보,2024-09-12,광주
호우주의보,2024-09-12,인천
호우주의보,2024-09-12,청주
호우주의보,2024-09-12,울릉도
호우주의보,2024-09-12,대구
호우주의보,2024-09-14,춘천
호우주의보,2024-09-14,이천
호우주의보,2024-09-15,포항
호우주의보,2024-09-16,완도
호우주의보,2024-09-17,해남
호우주의보,2024-09-17,임실
호우주의보,2024-09-18,부산
호우주의보,2024-09-18,속초
호우주의보,2024-09-18,상주
호우주의보,2024-09-18,영주
호우주의보,2024-09-18,보은
호우경보,2024-09-18,보은
호우주의보,2024-09-18,금산
호우주의보,2024-09-18,고창
호우주의보,2024-09-18,충주
호우주의보,2024-09-18,울진
호우주의보,2024-09-18,세종
호우주의보,2024-09-18,임실
호우경보,2024-09-18,세종
호우주의보,2024-09-18,제천
호우주의보,2024-09-18,청주
호우주의보,2024-09-18,대구
호우주의보,2024-09-18,안동
호우경보,2024-09-18,대구
호우주의보,2024-09-19,제주도
호우경보,2024-09-19,제주도
호우주의보,2024-09-19,완도
호우경보,2024-09-19,완도
호우주의보,2024-09-20,제주도
호우주의보,2024-09-20,장흥
호우주의보,2024-09-20,광주
호우주의보,2024-09-20,고창
호우주의보,2024-09-20,순천
호우주의보,2024-09-20,군산
호우경보,2024-09-20,제주도
호우주의보,2024-09-20,산청
호우주의보,2024-09-20,남원
호우주의보,2024-09-20,보령
호우주의보,2024-09-20,서산
호우주의보,2024-09-20,철원
호우주의보,2024-09-20,인천
호우주의보,2024-09-20,창원
호우주의보,2024-09-20,속초
호우주의보,2024-09-20,동해
호우경보,2024-09-20,속초
호우주의보,2024-09-20,부산
호우주의보,2024-09-20,울산
호우주의보,2024-09-20,울릉도
호우주의보,2024-09-20,강릉
호우주의보,2024-09-20,울진
호우경보,2024-09-20,인천
호우경보,2024-09-20,수원
호우경보,2024-09-20,창원
호우경보,2024-09-21,인천
호우주의보,2024-09-21,동해
호우경보,2024-09-21,울산
호우주의보,2024-09-21,여수
호우경보,2024-09-21,제천
호우주의보,2024-09-21,철원
호우경보,2024-09-21,대전
호우주의보,2024-09-21,서울
호우주의보,2024-09-21,울진
호우주의보,2024-09-21,원주
호우주의보,2024-09-21,대구
호우주의보,2024-09-21,상주
호우주의보,2024-09-21,서산
호우주의보,2024-09-21,충주
호우주의보,2024-09-21,춘천
호우주의보,2024-09-21,고창
호우주의보,2024-09-21,청주
호우주의보,2024-09-21,보은
호우경보,2024-09-21,순천
호우경보,2024-09-21,창원
호우경보,2024-09-21,전주
호우주의보,2024-09-21,창원
호우주의보,2024-09-21,대전
호우주의보,2024-09-21,속초
호우주의보,2024-09-21,강릉
호우주의보,2024-09-21,통영
호우경보,2024-09-21,목포
호우주의보,2024-09-21,목포
호우주의보,2024-09-21,울릉도
호우주의보,2024-09-21,군산
호우주의보,2024-09-21,장흥
호우경보,2024-09-21,여수
호우주의보,2024-09-21,산청
호우주의보,2024-09-21,포항
호우주의보,2024-09-27,부산
호우주의보,2024-09-27,강릉
호우주의보,2024-09-28,동해
호우주의보,2024-10-14,흑산도
호우주의보,2024-10-14,창원
호우주의보,2024-10-15,창원
호우주의보,2024-10-15,부산
호우주의보,2024-10-15,거제
호우주의보,2024-10-18,제주도
호우주의보,2024-10-18,인천
호우주의보,2024-10-18,서산
호우주의보,2024-10-18,속초
호우주의보,2024-10-18,울산
호우주의보,2024-10-18,창원
호우경보,2024-10-18,울산
호우주의보,2024-10-18,울릉도
호우주의보,2024-10-18,동해
호우주의보,2024-10-19,울릉도
호우주의보,2024-10-19,홍성
호우주의보,2024-10-19,부산
호우주의보,2024-10-19,강릉
호우주의보,2024-10-21,해남
호우주의보,2024-10-22,통영
호우주의보,2024-10-22,제주도
호우주의보,2024-10-22,목포
호우주의보,2024-10-22,창원
호우주의보,2024-10-22,부산
호우주의보,2024-10-22,완도
호우주의보,2024-10-22,여수
호우주의보,2024-10-22,남해
호우주의보,2024-11-01,제주도
호우경보,2024-11-01,흑산도
호우경보,2024-11-01,제주도
호우주의보,2024-11-02,제주도
호우주의보,2024-11-25,제주도
호우주의보,2024-11-26,제주도
